sources,target,pieces,cosine,scaled_error,raw_error,sign_agreement,magnitude_ratio,random_percentile_at_least,random_p50,random_p90,random_p95,random_p99,local_abs_max,local_max,local_min,robust_min_cosine,robust_mean_cosine,symmetry,config_json
"4 R","Triangle Hat","4","0.8937","0.4488","0.5964","1","1.2865","0.99","0.4658","0.8011","0.8221","0.8692","false","false","false","0.4788","0.6125","0.75","[{""piece"":""Round Hat"",""type"":""pawn"",""x"":0,""y"":-2},{""piece"":""Round Hat"",""type"":""pawn"",""x"":0,""y"":2},{""piece"":""Round Hat"",""type"":""pawn"",""x"":-1,""y"":-3},{""piece"":""Round Hat"",""type"":""pawn"",""x"":0,""y"":-3}]"
"5 R","Triangle Hat","5","0.919","0.3942","0.7871","1","1.6003","0.99","0.4146","0.8127","0.8436","0.8659","false","false","false","0.6738","0.7695","1","[{""piece"":""Round Hat"",""type"":""pawn"",""x"":0,""y"":-2},{""piece"":""Round Hat"",""type"":""pawn"",""x"":0,""y"":2},{""piece"":""Round Hat"",""type"":""pawn"",""x"":-1,""y"":-3},{""piece"":""Round Hat"",""type"":""pawn"",""x"":-3,""y"":0},{""piece"":""Round Hat"",""type"":""pawn"",""x"":-1,""y"":3}]"
"2 R","Triangle Hat","2","0.8683","0.4961","0.5291","1","1.0522","0.99","0.4021","0.7609","0.7898","0.8203","false","false","false","0.4034","0.4425","1","[{""piece"":""Round Hat"",""type"":""pawn"",""x"":0,""y"":-2},{""piece"":""Round Hat"",""type"":""pawn"",""x"":0,""y"":2}]"
"1 R + 1 A","Triangle Hat","2","0.8906","0.4549","0.6095","1","1.2962","0.99","0.4281","0.7943","0.8268","0.8582","false","false","false","0.4201","0.5027","1","[{""piece"":""Round Hat"",""type"":""pawn"",""x"":0,""y"":-2},{""piece"":""Triangle Hat"",""type"":""spy"",""x"":0,""y"":2}]"
"6 R","Triangle Hat","6","0.9108","0.4128","0.7618","1","1.5511","0.99","0.5127","0.8153","0.8434","0.8812","false","false","false","0.589","0.7306","1","[{""piece"":""Round Hat"",""type"":""pawn"",""x"":0,""y"":-2},{""piece"":""Round Hat"",""type"":""pawn"",""x"":0,""y"":2},{""piece"":""Round Hat"",""type"":""pawn"",""x"":-1,""y"":-3},{""piece"":""Round Hat"",""type"":""pawn"",""x"":-2,""y"":-3},{""piece"":""Round Hat"",""type"":""pawn"",""x"":1,""y"":3},{""piece"":""Round Hat"",""type"":""pawn"",""x"":2,""y"":3}]"
"2 A","Triangle Hat","2","0.9093","0.4162","0.7509","1","1.5342","0.99","0.4692","0.8022","0.8349","0.8482","false","false","false","0.5196","0.5481","1","[{""piece"":""Triangle Hat"",""type"":""spy"",""x"":0,""y"":-2},{""piece"":""Triangle Hat"",""type"":""spy"",""x"":0,""y"":2}]"
"3 R","Triangle Hat","3","0.857","0.5153","0.5429","1","1.0282","0.99","0.3492","0.7781","0.8134","0.8444","false","false","false","0.3666","0.6122","1","[{""piece"":""Round Hat"",""type"":""pawn"",""x"":0,""y"":-2},{""piece"":""Round Hat"",""type"":""pawn"",""x"":-3,""y"":3},{""piece"":""Round Hat"",""type"":""pawn"",""x"":3,""y"":3}]"
"2 R + 1 A","Triangle Hat","3","0.8685","0.4956","0.567","1","1.1438","0.99","0.5116","0.7874","0.8183","0.8577","false","false","false","0.4378","0.6332","0.3333","[{""piece"":""Round Hat"",""type"":""pawn"",""x"":0,""y"":-2},{""piece"":""Round Hat"",""type"":""pawn"",""x"":-3,""y"":3},{""piece"":""Triangle Hat"",""type"":""spy"",""x"":3,""y"":3}]"
"1 R + 2 A","Triangle Hat","3","0.8907","0.4545","0.6719","1","1.3856","0.99","0.467","0.79","0.8338","0.8707","false","false","false","0.4475","0.6645","0.3333","[{""piece"":""Round Hat"",""type"":""pawn"",""x"":-3,""y"":-3},{""piece"":""Triangle Hat"",""type"":""spy"",""x"":2,""y"":0},{""piece"":""Triangle Hat"",""type"":""spy"",""x"":-3,""y"":3}]"
"3 A","Triangle Hat","3","0.8991","0.4378","0.7415","1","1.4976","0.99","0.5941","0.7844","0.8385","0.8918","false","false","false","0.4925","0.6798","1","[{""piece"":""Triangle Hat"",""type"":""spy"",""x"":0,""y"":-2},{""piece"":""Triangle Hat"",""type"":""spy"",""x"":-3,""y"":3},{""piece"":""Triangle Hat"",""type"":""spy"",""x"":3,""y"":3}]"
"2 R","Round Hat","2","0.8991","0.4378","0.7689","1","1.5312","0.99","0.2717","0.7894","0.8281","0.8735","false","false","false","0.2592","0.3305","1","[{""piece"":""Round Hat"",""type"":""pawn"",""x"":0,""y"":-2},{""piece"":""Round Hat"",""type"":""pawn"",""x"":0,""y"":2}]"
"4 R + 1 A","Triangle Hat","5","0.9224","0.3863","1.0234","1","1.8701","0.99","0.5178","0.8035","0.8357","0.8771","false","false","false","0.6722","0.7927","0.4","[{""piece"":""Round Hat"",""type"":""pawn"",""x"":0,""y"":-2},{""piece"":""Round Hat"",""type"":""pawn"",""x"":-1,""y"":3},{""piece"":""Round Hat"",""type"":""pawn"",""x"":-1,""y"":-3},{""piece"":""Round Hat"",""type"":""pawn"",""x"":-3,""y"":-2},{""piece"":""Triangle Hat"",""type"":""spy"",""x"":0,""y"":2}]"
"3 R + 1 A","Triangle Hat","4","0.9203","0.3913","1.1034","1","1.9519","0.99","0.5349","0.8223","0.8478","0.8742","false","false","false","0.7569","0.8298","0.5","[{""piece"":""Round Hat"",""type"":""pawn"",""x"":0,""y"":-2},{""piece"":""Round Hat"",""type"":""pawn"",""x"":-1,""y"":3},{""piece"":""Round Hat"",""type"":""pawn"",""x"":1,""y"":-3},{""piece"":""Triangle Hat"",""type"":""spy"",""x"":0,""y"":2}]"
"2 R + 2 A","Triangle Hat","4","0.9284","0.3715","1.2426","1","2.1143","0.99","0.5101","0.8059","0.8374","0.8836","false","false","false","0.765","0.833","0.5","[{""piece"":""Round Hat"",""type"":""pawn"",""x"":0,""y"":-2},{""piece"":""Round Hat"",""type"":""pawn"",""x"":-1,""y"":3},{""piece"":""Triangle Hat"",""type"":""spy"",""x"":0,""y"":2},{""piece"":""Triangle Hat"",""type"":""spy"",""x"":-1,""y"":-3}]"
"3 R","Round Hat","3","0.8861","0.4634","0.7661","1","1.4962","0.99","0.3301","0.7655","0.8363","0.8844","false","false","false","0.2175","0.551","1","[{""piece"":""Round Hat"",""type"":""pawn"",""x"":0,""y"":-2},{""piece"":""Round Hat"",""type"":""pawn"",""x"":-3,""y"":3},{""piece"":""Round Hat"",""type"":""pawn"",""x"":3,""y"":3}]"
"3 R + 2 A","Triangle Hat","5","0.918","0.3967","1.1337","1","1.98","0.99","0.5253","0.8132","0.8504","0.8897","false","false","false","0.7171","0.7889","0.8","[{""piece"":""Round Hat"",""type"":""pawn"",""x"":0,""y"":-2},{""piece"":""Round Hat"",""type"":""pawn"",""x"":0,""y"":2},{""piece"":""Round Hat"",""type"":""pawn"",""x"":-2,""y"":-3},{""piece"":""Triangle Hat"",""type"":""spy"",""x"":-1,""y"":-3},{""piece"":""Triangle Hat"",""type"":""spy"",""x"":-1,""y"":3}]"
"1 R + 3 A","Triangle Hat","4","0.9029","0.4299","0.9631","1","1.7647","0.99","0.5214","0.8091","0.8378","0.8718","false","false","false","0.7399","0.7879","0.75","[{""piece"":""Round Hat"",""type"":""pawn"",""x"":0,""y"":-2},{""piece"":""Triangle Hat"",""type"":""spy"",""x"":-3,""y"":3},{""piece"":""Triangle Hat"",""type"":""spy"",""x"":3,""y"":3},{""piece"":""Triangle Hat"",""type"":""spy"",""x"":-1,""y"":-3}]"
"5 R + 1 A","Triangle Hat","6","0.9151","0.4033","1.1216","1","1.9617","0.99","0.5254","0.8228","0.8479","0.8837","false","false","false","0.7406","0.8168","0.6667","[{""piece"":""Round Hat"",""type"":""pawn"",""x"":0,""y"":-2},{""piece"":""Round Hat"",""type"":""pawn"",""x"":0,""y"":2},{""piece"":""Round Hat"",""type"":""pawn"",""x"":-1,""y"":-3},{""piece"":""Round Hat"",""type"":""pawn"",""x"":0,""y"":-3},{""piece"":""Round Hat"",""type"":""pawn"",""x"":-1,""y"":3},{""piece"":""Triangle Hat"",""type"":""spy"",""x"":3,""y"":-3}]"
"4 R + 2 A","Triangle Hat","6","0.935","0.3547","1.4607","1","2.352","0.99","0.5386","0.8255","0.8565","0.8791","false","false","false","0.7553","0.8367","0.5","[{""piece"":""Round Hat"",""type"":""pawn"",""x"":0,""y"":-2},{""piece"":""Round Hat"",""type"":""pawn"",""x"":-1,""y"":3},{""piece"":""Round Hat"",""type"":""pawn"",""x"":1,""y"":-3},{""piece"":""Round Hat"",""type"":""pawn"",""x"":0,""y"":-3},{""piece"":""Triangle Hat"",""type"":""spy"",""x"":0,""y"":2},{""piece"":""Triangle Hat"",""type"":""spy"",""x"":-1,""y"":-3}]"
"4 A","Triangle Hat","4","0.8875","0.4607","0.8876","1","1.6462","0.99","0.5374","0.795","0.8297","0.8803","false","false","false","0.656","0.7519","0.75","[{""piece"":""Triangle Hat"",""type"":""spy"",""x"":-1,""y"":-3},{""piece"":""Triangle Hat"",""type"":""spy"",""x"":3,""y"":3},{""piece"":""Triangle Hat"",""type"":""spy"",""x"":-3,""y"":3},{""piece"":""Triangle Hat"",""type"":""spy"",""x"":3,""y"":-3}]"
"2 R + 1 T + 1 A","Triangle Hat","4","0.902","0.4317","1.0551","1","1.8648","0.99","0.4796","0.7357","0.7735","0.8313","false","false","false","0.6567","0.7651","0.5","[{""piece"":""Round Hat"",""type"":""pawn"",""x"":0,""y"":2},{""piece"":""Round Hat"",""type"":""pawn"",""x"":-2,""y"":-2},{""piece"":""Tower"",""type"":""rook"",""x"":-3,""y"":-3},{""piece"":""Triangle Hat"",""type"":""spy"",""x"":2,""y"":0}]"
"5 R + 1 T","Triangle Hat","6","0.8991","0.4378","1.0316","1","1.8332","0.99","0.4635","0.7741","0.8012","0.8423","false","false","false","0.6647","0.7853","0.8333","[{""piece"":""Round Hat"",""type"":""pawn"",""x"":-2,""y"":0},{""piece"":""Round Hat"",""type"":""pawn"",""x"":2,""y"":0},{""piece"":""Round Hat"",""type"":""pawn"",""x"":-3,""y"":1},{""piece"":""Round Hat"",""type"":""pawn"",""x"":0,""y"":3},{""piece"":""Round Hat"",""type"":""pawn"",""x"":3,""y"":1},{""piece"":""Tower"",""type"":""rook"",""x"":-3,""y"":-3}]"
"4 R + 1 T","Triangle Hat","5","0.8873","0.4613","0.9083","1","1.6697","0.99","0.4859","0.7622","0.7959","0.8517","false","false","false","0.597","0.7226","0.8","[{""piece"":""Round Hat"",""type"":""pawn"",""x"":0,""y"":-2},{""piece"":""Round Hat"",""type"":""pawn"",""x"":0,""y"":2},{""piece"":""Round Hat"",""type"":""pawn"",""x"":-2,""y"":0},{""piece"":""Round Hat"",""type"":""pawn"",""x"":-3,""y"":0},{""piece"":""Tower"",""type"":""rook"",""x"":3,""y"":-3}]"
"1 R + 4 T + 1 B","Big Hat","6","0.8793","0.4763","0.7943","0.9792","1.515","0.99","0.5055","0.6706","0.7087","0.7523","true","true","false","0.7336","0.8247","0.6667","[{""piece"":""Round Hat"",""type"":""pawn"",""x"":1,""y"":-1},{""piece"":""Tower"",""type"":""rook"",""x"":-3,""y"":-1},{""piece"":""Tower"",""type"":""rook"",""x"":0,""y"":-1},{""piece"":""Tower"",""type"":""rook"",""x"":3,""y"":-1},{""piece"":""Tower"",""type"":""rook"",""x"":-3,""y"":-2},{""piece"":""Big Hat"",""type"":""king"",""x"":0,""y"":2}]"
"2 R + 1 T + 2 A","Triangle Hat","5","0.9067","0.4218","1.1547","1","1.9816","0.99","0.5363","0.7799","0.8062","0.8422","false","false","false","0.763","0.813","0.4","[{""piece"":""Round Hat"",""type"":""pawn"",""x"":2,""y"":0},{""piece"":""Round Hat"",""type"":""pawn"",""x"":-2,""y"":-2},{""piece"":""Tower"",""type"":""rook"",""x"":-3,""y"":-3},{""piece"":""Triangle Hat"",""type"":""spy"",""x"":-3,""y"":3},{""piece"":""Triangle Hat"",""type"":""spy"",""x"":3,""y"":1}]"
"1 R + 1 T + 1 A","Triangle Hat","3","0.8742","0.4856","0.8109","1","1.5235","0.99","0.4408","0.7378","0.7733","0.8114","false","false","false","0.4629","0.6414","0.6667","[{""piece"":""Round Hat"",""type"":""pawn"",""x"":-2,""y"":0},{""piece"":""Tower"",""type"":""rook"",""x"":-3,""y"":-3},{""piece"":""Triangle Hat"",""type"":""spy"",""x"":2,""y"":0}]"
"4 R","Round Hat","4","0.9334","0.3589","1.6146","1","2.5076","0.99","0.3235","0.7817","0.845","0.8801","false","false","false","0.7159","0.7874","1","[{""piece"":""Round Hat"",""type"":""pawn"",""x"":0,""y"":-2},{""piece"":""Round Hat"",""type"":""pawn"",""x"":0,""y"":2},{""piece"":""Round Hat"",""type"":""pawn"",""x"":-1,""y"":-3},{""piece"":""Round Hat"",""type"":""pawn"",""x"":1,""y"":3}]"
"2 R + 3 A","Triangle Hat","5","0.9223","0.3865","1.4339","1","2.3032","0.99","0.6023","0.8295","0.8542","0.8896","false","false","false","0.7786","0.858","0.8","[{""piece"":""Round Hat"",""type"":""pawn"",""x"":0,""y"":-2},{""piece"":""Round Hat"",""type"":""pawn"",""x"":-1,""y"":3},{""piece"":""Triangle Hat"",""type"":""spy"",""x"":0,""y"":2},{""piece"":""Triangle Hat"",""type"":""spy"",""x"":3,""y"":-3},{""piece"":""Triangle Hat"",""type"":""spy"",""x"":-3,""y"":-3}]"
"4 R + 1 T + 1 A","Triangle Hat","6","0.9178","0.397","1.3673","1","2.2262","0.99","0.5203","0.7728","0.8083","0.85","false","false","false","0.7136","0.8109","0.5","[{""piece"":""Round Hat"",""type"":""pawn"",""x"":0,""y"":-2},{""piece"":""Round Hat"",""type"":""pawn"",""x"":0,""y"":2},{""piece"":""Round Hat"",""type"":""pawn"",""x"":-1,""y"":-3},{""piece"":""Round Hat"",""type"":""pawn"",""x"":0,""y"":-3},{""piece"":""Tower"",""type"":""rook"",""x"":-3,""y"":3},{""piece"":""Triangle Hat"",""type"":""spy"",""x"":2,""y"":0}]"
"1 R + 1 T + 2 A","Triangle Hat","4","0.9171","0.3987","1.3557","1","2.2128","0.99","0.4632","0.7686","0.8004","0.8569","false","false","false","0.7102","0.7962","0.75","[{""piece"":""Round Hat"",""type"":""pawn"",""x"":0,""y"":2},{""piece"":""Tower"",""type"":""rook"",""x"":-3,""y"":-3},{""piece"":""Triangle Hat"",""type"":""spy"",""x"":2,""y"":0},{""piece"":""Triangle Hat"",""type"":""spy"",""x"":-2,""y"":0}]"
"1 T + 2 A","Triangle Hat","3","0.8895","0.457","0.9903","1","1.768","0.99","0.4677","0.7431","0.7815","0.823","false","false","false","0.5398","0.6684","0.6667","[{""piece"":""Tower"",""type"":""rook"",""x"":-3,""y"":-3},{""piece"":""Triangle Hat"",""type"":""spy"",""x"":2,""y"":0},{""piece"":""Triangle Hat"",""type"":""spy"",""x"":-2,""y"":0}]"
"4 T + 1 B","Big Hat","5","0.8637","0.5039","0.7292","0.9792","1.3907","0.99","0.4666","0.638","0.7093","0.7668","false","false","false","0.6852","0.7982","0.8","[{""piece"":""Tower"",""type"":""rook"",""x"":-3,""y"":-1},{""piece"":""Tower"",""type"":""rook"",""x"":3,""y"":-1},{""piece"":""Tower"",""type"":""rook"",""x"":0,""y"":-1},{""piece"":""Tower"",""type"":""rook"",""x"":-3,""y"":-2},{""piece"":""Big Hat"",""type"":""king"",""x"":0,""y"":2}]"
"3 R + 1 T + 1 A","Triangle Hat","5","0.9084","0.4182","1.2548","1","2.0914","0.99","0.5081","0.7781","0.8098","0.8624","false","false","false","0.7826","0.8322","0.4","[{""piece"":""Round Hat"",""type"":""pawn"",""x"":-2,""y"":0},{""piece"":""Round Hat"",""type"":""pawn"",""x"":2,""y"":0},{""piece"":""Round Hat"",""type"":""pawn"",""x"":-3,""y"":1},{""piece"":""Tower"",""type"":""rook"",""x"":-3,""y"":-3},{""piece"":""Triangle Hat"",""type"":""spy"",""x"":3,""y"":-1}]"
"3 R + 3 A","Triangle Hat","6","0.9201","0.3917","1.4473","1","2.3134","0.99","0.538","0.813","0.8589","0.8935","false","false","false","0.7695","0.8227","0.6667","[{""piece"":""Round Hat"",""type"":""pawn"",""x"":0,""y"":-2},{""piece"":""Round Hat"",""type"":""pawn"",""x"":0,""y"":2},{""piece"":""Round Hat"",""type"":""pawn"",""x"":0,""y"":-3},{""piece"":""Triangle Hat"",""type"":""spy"",""x"":-1,""y"":-3},{""piece"":""Triangle Hat"",""type"":""spy"",""x"":-1,""y"":3},{""piece"":""Triangle Hat"",""type"":""spy"",""x"":3,""y"":-3}]"
"2 R + 1 A","Round Hat","3","0.8802","0.4746","0.9167","1","1.6645","0.99","0.2253","0.7812","0.824","0.8579","false","false","false","0.2918","0.5588","0.3333","[{""piece"":""Round Hat"",""type"":""pawn"",""x"":0,""y"":-2},{""piece"":""Round Hat"",""type"":""pawn"",""x"":-3,""y"":3},{""piece"":""Triangle Hat"",""type"":""spy"",""x"":3,""y"":3}]"
"3 T + 1 A + 1 B","Big Hat","5","0.861","0.5086","0.7263","0.9792","1.3795","0.99","0.4998","0.6605","0.7046","0.7581","true","true","false","0.6977","0.7988","0.8","[{""piece"":""Tower"",""type"":""rook"",""x"":-3,""y"":-1},{""piece"":""Tower"",""type"":""rook"",""x"":3,""y"":-1},{""piece"":""Tower"",""type"":""rook"",""x"":0,""y"":-1},{""piece"":""Triangle Hat"",""type"":""spy"",""x"":-3,""y"":-3},{""piece"":""Big Hat"",""type"":""king"",""x"":0,""y"":2}]"
"3 R + 1 T","Triangle Hat","4","0.8688","0.4952","0.8214","1","1.5241","0.99","0.4921","0.7512","0.783","0.812","false","false","false","0.6094","0.7191","0.25","[{""piece"":""Round Hat"",""type"":""pawn"",""x"":0,""y"":-2},{""piece"":""Round Hat"",""type"":""pawn"",""x"":-2,""y"":2},{""piece"":""Round Hat"",""type"":""pawn"",""x"":3,""y"":1},{""piece"":""Tower"",""type"":""rook"",""x"":-3,""y"":3}]"
"4 R + 2 B","Big Hat","6","0.892","0.452","0.966","0.9583","1.7458","0.99","0.4562","0.6581","0.6941","0.7533","true","true","false","0.7773","0.848","1","[{""piece"":""Round Hat"",""type"":""pawn"",""x"":-1,""y"":-1},{""piece"":""Round Hat"",""type"":""pawn"",""x"":-3,""y"":0},{""piece"":""Round Hat"",""type"":""pawn"",""x"":1,""y"":1},{""piece"":""Round Hat"",""type"":""pawn"",""x"":3,""y"":0},{""piece"":""Big Hat"",""type"":""king"",""x"":0,""y"":-2},{""piece"":""Big Hat"",""type"":""king"",""x"":0,""y"":2}]"
"1 R + 1 T + 3 A","Triangle Hat","5","0.9258","0.378","1.6111","1","2.492","0.99","0.5366","0.7752","0.8044","0.8673","false","false","false","0.7686","0.8434","0.4","[{""piece"":""Round Hat"",""type"":""pawn"",""x"":-2,""y"":0},{""piece"":""Tower"",""type"":""rook"",""x"":-3,""y"":-3},{""piece"":""Triangle Hat"",""type"":""spy"",""x"":2,""y"":0},{""piece"":""Triangle Hat"",""type"":""spy"",""x"":-3,""y"":1},{""piece"":""Triangle Hat"",""type"":""spy"",""x"":3,""y"":-1}]"
"1 R + 4 A","Triangle Hat","5","0.8962","0.4436","1.1505","1","1.9578","0.99","0.5534","0.8196","0.846","0.8868","false","false","false","0.7809","0.8212","1","[{""piece"":""Round Hat"",""type"":""pawn"",""x"":0,""y"":-2},{""piece"":""Triangle Hat"",""type"":""spy"",""x"":-3,""y"":3},{""piece"":""Triangle Hat"",""type"":""spy"",""x"":3,""y"":3},{""piece"":""Triangle Hat"",""type"":""spy"",""x"":-3,""y"":-3},{""piece"":""Triangle Hat"",""type"":""spy"",""x"":3,""y"":-3}]"
"3 R + 1 T + 2 A","Triangle Hat","6","0.9263","0.3768","1.6501","1","2.5328","0.99","0.5103","0.7657","0.8145","0.858","false","false","false","0.8217","0.8749","0.1667","[{""piece"":""Round Hat"",""type"":""pawn"",""x"":0,""y"":-2},{""piece"":""Round Hat"",""type"":""pawn"",""x"":-2,""y"":2},{""piece"":""Round Hat"",""type"":""pawn"",""x"":3,""y"":1},{""piece"":""Tower"",""type"":""rook"",""x"":-3,""y"":3},{""piece"":""Triangle Hat"",""type"":""spy"",""x"":2,""y"":0},{""piece"":""Triangle Hat"",""type"":""spy"",""x"":-3,""y"":-3}]"
"3 R + 1 A + 2 B","Big Hat","6","0.8939","0.4483","1.0357","0.9583","1.8276","0.99","0.4644","0.6587","0.6948","0.7512","true","true","false","0.7835","0.8497","0.6667","[{""piece"":""Round Hat"",""type"":""pawn"",""x"":-1,""y"":-1},{""piece"":""Round Hat"",""type"":""pawn"",""x"":-3,""y"":0},{""piece"":""Round Hat"",""type"":""pawn"",""x"":1,""y"":1},{""piece"":""Triangle Hat"",""type"":""spy"",""x"":3,""y"":0},{""piece"":""Big Hat"",""type"":""king"",""x"":0,""y"":-2},{""piece"":""Big Hat"",""type"":""king"",""x"":0,""y"":2}]"
"4 R + 1 T + 1 B","Big Hat","6","0.8687","0.4953","0.7927","0.9583","1.4877","0.99","0.4584","0.6481","0.7255","0.782","false","false","false","0.6988","0.809","0.5","[{""piece"":""Round Hat"",""type"":""pawn"",""x"":1,""y"":-1},{""piece"":""Round Hat"",""type"":""pawn"",""x"":0,""y"":-1},{""piece"":""Round Hat"",""type"":""pawn"",""x"":-1,""y"":1},{""piece"":""Round Hat"",""type"":""pawn"",""x"":0,""y"":-2},{""piece"":""Tower"",""type"":""rook"",""x"":-3,""y"":-2},{""piece"":""Big Hat"",""type"":""king"",""x"":0,""y"":1}]"
"1 T + 3 A","Triangle Hat","4","0.9107","0.413","1.4131","1","2.2621","0.99","0.5125","0.7443","0.789","0.8461","false","false","false","0.6861","0.7819","0.5","[{""piece"":""Tower"",""type"":""rook"",""x"":-3,""y"":-3},{""piece"":""Triangle Hat"",""type"":""spy"",""x"":2,""y"":0},{""piece"":""Triangle Hat"",""type"":""spy"",""x"":-2,""y"":0},{""piece"":""Triangle Hat"",""type"":""spy"",""x"":3,""y"":-1}]"
"4 R + 1 B","Big Hat","5","0.8553","0.5182","0.7406","0.9792","1.3843","0.99","0.4118","0.6208","0.7077","0.7923","false","false","false","0.7752","0.7903","0.8","[{""piece"":""Round Hat"",""type"":""pawn"",""x"":-1,""y"":-1},{""piece"":""Round Hat"",""type"":""pawn"",""x"":0,""y"":-1},{""piece"":""Round Hat"",""type"":""pawn"",""x"":1,""y"":1},{""piece"":""Round Hat"",""type"":""pawn"",""x"":-1,""y"":1},{""piece"":""Big Hat"",""type"":""king"",""x"":0,""y"":1}]"
"3 T + 1 B","Big Hat","4","0.8453","0.5343","0.6855","0.9792","1.2747","0.99","0.4529","0.6383","0.7126","0.7687","false","false","false","0.6593","0.7647","1","[{""piece"":""Tower"",""type"":""rook"",""x"":-3,""y"":-1},{""piece"":""Tower"",""type"":""rook"",""x"":3,""y"":-1},{""piece"":""Tower"",""type"":""rook"",""x"":0,""y"":-1},{""piece"":""Big Hat"",""type"":""king"",""x"":0,""y"":2}]"
"1 R + 3 T + 1 B","Big Hat","5","0.857","0.5152","0.7535","0.9792","1.4069","0.99","0.4566","0.6407","0.6953","0.7412","true","true","false","0.7116","0.7953","0.8","[{""piece"":""Round Hat"",""type"":""pawn"",""x"":-1,""y"":1},{""piece"":""Tower"",""type"":""rook"",""x"":3,""y"":1},{""piece"":""Tower"",""type"":""rook"",""x"":0,""y"":1},{""piece"":""Tower"",""type"":""rook"",""x"":-3,""y"":1},{""piece"":""Big Hat"",""type"":""king"",""x"":0,""y"":-2}]"
"2 R + 2 T + 1 A","Triangle Hat","5","0.9065","0.4222","1.3682","1","2.2079","0.99","0.4905","0.732","0.765","0.8237","false","false","false","0.7593","0.8073","0.4","[{""piece"":""Round Hat"",""type"":""pawn"",""x"":-2,""y"":0},{""piece"":""Round Hat"",""type"":""pawn"",""x"":3,""y"":-1},{""piece"":""Tower"",""type"":""rook"",""x"":3,""y"":3},{""piece"":""Tower"",""type"":""rook"",""x"":2,""y"":0},{""piece"":""Triangle Hat"",""type"":""spy"",""x"":-3,""y"":-1}]"
"3 R + 3 T","Big Hat","6","0.8157","0.5785","0.6091","0.9792","1.0063","0.99","0.5412","0.6203","0.6388","0.6783","true","true","false","0.683","0.7188","1","[{""piece"":""Round Hat"",""type"":""pawn"",""x"":-1,""y"":-1},{""piece"":""Round Hat"",""type"":""pawn"",""x"":0,""y"":-1},{""piece"":""Round Hat"",""type"":""pawn"",""x"":1,""y"":-1},{""piece"":""Tower"",""type"":""rook"",""x"":3,""y"":1},{""piece"":""Tower"",""type"":""rook"",""x"":-3,""y"":1},{""piece"":""Tower"",""type"":""rook"",""x"":0,""y"":1}]"
"1 R + 1 A","Round Hat","2","0.887","0.4618","1.1008","1","1.8862","0.99","0.3005","0.7802","0.8152","0.8462","false","false","false","0.2446","0.3718","1","[{""piece"":""Round Hat"",""type"":""pawn"",""x"":0,""y"":-2},{""piece"":""Triangle Hat"",""type"":""spy"",""x"":0,""y"":2}]"
"3 R + 2 T + 1 A","Triangle Hat","6","0.9164","0.4003","1.556","1","2.42","0.99","0.4802","0.7532","0.7848","0.8371","false","false","false","0.7788","0.8515","0.5","[{""piece"":""Round Hat"",""type"":""pawn"",""x"":0,""y"":-2},{""piece"":""Round Hat"",""type"":""pawn"",""x"":2,""y"":2},{""piece"":""Round Hat"",""type"":""pawn"",""x"":-3,""y"":1},{""piece"":""Tower"",""type"":""rook"",""x"":3,""y"":3},{""piece"":""Tower"",""type"":""rook"",""x"":3,""y"":-3},{""piece"":""Triangle Hat"",""type"":""spy"",""x"":-2,""y"":0}]"
"5 T + 1 B","Big Hat","6","0.8721","0.4894","0.8948","0.9792","1.6212","0.99","0.5021","0.6678","0.7205","0.7868","false","false","false","0.7328","0.8208","0.6667","[{""piece"":""Tower"",""type"":""rook"",""x"":-3,""y"":-1},{""piece"":""Tower"",""type"":""rook"",""x"":3,""y"":-1},{""piece"":""Tower"",""type"":""rook"",""x"":0,""y"":-1},{""piece"":""Tower"",""type"":""rook"",""x"":2,""y"":0},{""piece"":""Tower"",""type"":""rook"",""x"":-3,""y"":-2},{""piece"":""Big Hat"",""type"":""king"",""x"":0,""y"":2}]"
"1 R + 2 T + 2 A","Triangle Hat","5","0.9162","0.4007","1.5648","1","2.4289","0.99","0.5114","0.7434","0.7706","0.822","false","false","false","0.7367","0.8194","1","[{""piece"":""Round Hat"",""type"":""pawn"",""x"":0,""y"":2},{""piece"":""Tower"",""type"":""rook"",""x"":3,""y"":-3},{""piece"":""Tower"",""type"":""rook"",""x"":-3,""y"":-3},{""piece"":""Triangle Hat"",""type"":""spy"",""x"":-2,""y"":0},{""piece"":""Triangle Hat"",""type"":""spy"",""x"":2,""y"":0}]"
"2 R + 1 T + 3 A","Triangle Hat","6","0.9207","0.3903","1.6577","1","2.5318","0.99","0.5593","0.7768","0.816","0.8515","false","false","false","0.7995","0.8617","0.6667","[{""piece"":""Round Hat"",""type"":""pawn"",""x"":0,""y"":2},{""piece"":""Round Hat"",""type"":""pawn"",""x"":-2,""y"":-2},{""piece"":""Tower"",""type"":""rook"",""x"":-3,""y"":-3},{""piece"":""Triangle Hat"",""type"":""spy"",""x"":2,""y"":0},{""piece"":""Triangle Hat"",""type"":""spy"",""x"":-3,""y"":3},{""piece"":""Triangle Hat"",""type"":""spy"",""x"":3,""y"":-3}]"
"2 R + 3 T + 1 B","Big Hat","6","0.8771","0.4802","0.9163","0.9583","1.6575","0.99","0.4839","0.6396","0.6989","0.7557","false","false","false","0.7452","0.8287","0.6667","[{""piece"":""Round Hat"",""type"":""pawn"",""x"":1,""y"":-1},{""piece"":""Round Hat"",""type"":""pawn"",""x"":-1,""y"":1},{""piece"":""Tower"",""type"":""rook"",""x"":0,""y"":1},{""piece"":""Tower"",""type"":""rook"",""x"":3,""y"":1},{""piece"":""Tower"",""type"":""rook"",""x"":-3,""y"":1},{""piece"":""Big Hat"",""type"":""king"",""x"":0,""y"":-1}]"
"1 T + 4 A","Triangle Hat","5","0.9297","0.3682","1.8477","1","2.7404","0.99","0.531","0.7728","0.812","0.8773","false","false","false","0.7797","0.845","0.8","[{""piece"":""Tower"",""type"":""rook"",""x"":-3,""y"":-3},{""piece"":""Triangle Hat"",""type"":""spy"",""x"":2,""y"":0},{""piece"":""Triangle Hat"",""type"":""spy"",""x"":-2,""y"":0},{""piece"":""Triangle Hat"",""type"":""spy"",""x"":3,""y"":-1},{""piece"":""Triangle Hat"",""type"":""spy"",""x"":-3,""y"":1}]"
"3 R + 2 T","Triangle Hat","5","0.8944","0.4473","1.2405","1","2.0515","0.99","0.4711","0.7029","0.751","0.8067","false","false","false","0.7306","0.7936","0.4","[{""piece"":""Round Hat"",""type"":""pawn"",""x"":-2,""y"":0},{""piece"":""Round Hat"",""type"":""pawn"",""x"":3,""y"":-1},{""piece"":""Round Hat"",""type"":""pawn"",""x"":-3,""y"":-1},{""piece"":""Tower"",""type"":""rook"",""x"":3,""y"":3},{""piece"":""Tower"",""type"":""rook"",""x"":2,""y"":0}]"
"2 R + 3 T + 1 A","Triangle Hat","6","0.9277","0.3734","1.8225","1","2.7116","0.99","0.4972","0.7117","0.7595","0.8243","false","false","false","0.7829","0.8536","1","[{""piece"":""Round Hat"",""type"":""pawn"",""x"":-2,""y"":0},{""piece"":""Round Hat"",""type"":""pawn"",""x"":2,""y"":0},{""piece"":""Tower"",""type"":""rook"",""x"":3,""y"":-3},{""piece"":""Tower"",""type"":""rook"",""x"":0,""y"":-2},{""piece"":""Tower"",""type"":""rook"",""x"":-3,""y"":-3},{""piece"":""Triangle Hat"",""type"":""spy"",""x"":0,""y"":2}]"
"5 A","Triangle Hat","5","0.9279","0.3729","1.8387","1","2.7284","0.99","0.5278","0.7963","0.8421","0.8796","false","false","false","0.7968","0.8551","0.8","[{""piece"":""Triangle Hat"",""type"":""spy"",""x"":0,""y"":-2},{""piece"":""Triangle Hat"",""type"":""spy"",""x"":-3,""y"":3},{""piece"":""Triangle Hat"",""type"":""spy"",""x"":3,""y"":3},{""piece"":""Triangle Hat"",""type"":""spy"",""x"":-1,""y"":-3},{""piece"":""Triangle Hat"",""type"":""spy"",""x"":0,""y"":2}]"
"1 R + 3 T + 1 A + 1 B","Big Hat","6","0.8741","0.4858","0.9066","0.9583","1.6396","0.99","0.5011","0.6594","0.7106","0.7649","false","false","false","0.7469","0.8274","0.6667","[{""piece"":""Round Hat"",""type"":""pawn"",""x"":-1,""y"":-1},{""piece"":""Tower"",""type"":""rook"",""x"":3,""y"":1},{""piece"":""Tower"",""type"":""rook"",""x"":0,""y"":1},{""piece"":""Tower"",""type"":""rook"",""x"":-3,""y"":1},{""piece"":""Triangle Hat"",""type"":""spy"",""x"":3,""y"":3},{""piece"":""Big Hat"",""type"":""king"",""x"":0,""y"":-1}]"
"3 R + 1 A + 1 B","Big Hat","5","0.8603","0.5097","0.7593","0.9375","1.4231","0.99","0.434","0.6283","0.7119","0.8039","false","false","true","0.6975","0.7917","0.4","[{""piece"":""Round Hat"",""type"":""pawn"",""x"":-1,""y"":-1},{""piece"":""Round Hat"",""type"":""pawn"",""x"":0,""y"":-1},{""piece"":""Round Hat"",""type"":""pawn"",""x"":-1,""y"":1},{""piece"":""Triangle Hat"",""type"":""spy"",""x"":3,""y"":-1},{""piece"":""Big Hat"",""type"":""king"",""x"":0,""y"":1}]"
"2 R + 1 T","Triangle Hat","3","0.8401","0.5424","0.7247","1","1.3207","0.99","0.4093","0.6975","0.7314","0.788","false","false","false","0.4992","0.6137","1","[{""piece"":""Round Hat"",""type"":""pawn"",""x"":0,""y"":-2},{""piece"":""Round Hat"",""type"":""pawn"",""x"":-2,""y"":0},{""piece"":""Tower"",""type"":""rook"",""x"":3,""y"":3}]"
"2 R + 2 T + 2 A","Triangle Hat","6","0.9123","0.4096","1.557","1","2.4144","0.99","0.5302","0.7469","0.776","0.8434","false","false","false","0.7461","0.8396","0.5","[{""piece"":""Round Hat"",""type"":""pawn"",""x"":0,""y"":2},{""piece"":""Round Hat"",""type"":""pawn"",""x"":-2,""y"":-2},{""piece"":""Tower"",""type"":""rook"",""x"":3,""y"":-3},{""piece"":""Tower"",""type"":""rook"",""x"":-3,""y"":-3},{""piece"":""Triangle Hat"",""type"":""spy"",""x"":2,""y"":0},{""piece"":""Triangle Hat"",""type"":""spy"",""x"":-3,""y"":3}]"
"2 R + 4 A","Triangle Hat","6","0.9235","0.3835","1.772","1","2.6535","0.99","0.55","0.8156","0.8464","0.8857","false","false","false","0.7546","0.8319","0.3333","[{""piece"":""Round Hat"",""type"":""pawn"",""x"":0,""y"":-2},{""piece"":""Round Hat"",""type"":""pawn"",""x"":-1,""y"":-3},{""piece"":""Triangle Hat"",""type"":""spy"",""x"":0,""y"":2},{""piece"":""Triangle Hat"",""type"":""spy"",""x"":-1,""y"":3},{""piece"":""Triangle Hat"",""type"":""spy"",""x"":1,""y"":-3},{""piece"":""Triangle Hat"",""type"":""spy"",""x"":-2,""y"":-3}]"
"3 R + 1 A","Round Hat","4","0.9076","0.4198","1.4783","1","2.3251","0.99","0.3251","0.7498","0.8157","0.8745","false","false","false","0.6191","0.7371","0.5","[{""piece"":""Round Hat"",""type"":""pawn"",""x"":0,""y"":-2},{""piece"":""Round Hat"",""type"":""pawn"",""x"":-1,""y"":3},{""piece"":""Round Hat"",""type"":""pawn"",""x"":-1,""y"":-3},{""piece"":""Triangle Hat"",""type"":""spy"",""x"":3,""y"":3}]"
"4 T + 1 A + 1 B","Big Hat","6","0.8641","0.5034","0.8672","0.9792","1.5703","0.99","0.5139","0.6437","0.7053","0.7686","false","false","false","0.7243","0.8153","0.6667","[{""piece"":""Tower"",""type"":""rook"",""x"":-3,""y"":-1},{""piece"":""Tower"",""type"":""rook"",""x"":3,""y"":-1},{""piece"":""Tower"",""type"":""rook"",""x"":0,""y"":-1},{""piece"":""Tower"",""type"":""rook"",""x"":-3,""y"":-2},{""piece"":""Triangle Hat"",""type"":""spy"",""x"":-1,""y"":3},{""piece"":""Big Hat"",""type"":""king"",""x"":0,""y"":2}]"
"6 A","Big Hat","6","0.8143","0.5805","0.6122","0.9583","1.0089","0.99","0.6075","0.6716","0.6872","0.7107","false","false","false","0.6849","0.74","1","[{""piece"":""Triangle Hat"",""type"":""spy"",""x"":-3,""y"":-1},{""piece"":""Triangle Hat"",""type"":""spy"",""x"":-3,""y"":0},{""piece"":""Triangle Hat"",""type"":""spy"",""x"":3,""y"":1},{""piece"":""Triangle Hat"",""type"":""spy"",""x"":3,""y"":0},{""piece"":""Triangle Hat"",""type"":""spy"",""x"":3,""y"":-3},{""piece"":""Triangle Hat"",""type"":""spy"",""x"":-3,""y"":3}]"
"1 R + 4 T + 1 A","Big Hat","6","0.8226","0.5686","0.6131","0.9375","1.052","0.99","0.5603","0.638","0.664","0.6919","true","true","false","0.6931","0.7573","0.5","[{""piece"":""Round Hat"",""type"":""pawn"",""x"":-3,""y"":-1},{""piece"":""Tower"",""type"":""rook"",""x"":3,""y"":1},{""piece"":""Tower"",""type"":""rook"",""x"":0,""y"":1},{""piece"":""Tower"",""type"":""rook"",""x"":-3,""y"":1},{""piece"":""Tower"",""type"":""rook"",""x"":-3,""y"":-2},{""piece"":""Triangle Hat"",""type"":""spy"",""x"":3,""y"":-1}]"
"3 R + 3 T","Triangle Hat","6","0.9012","0.4333","1.4004","1","2.2329","0.99","0.4762","0.6997","0.7314","0.7727","false","false","false","0.7582","0.818","0.6667","[{""piece"":""Round Hat"",""type"":""pawn"",""x"":-2,""y"":0},{""piece"":""Round Hat"",""type"":""pawn"",""x"":3,""y"":-1},{""piece"":""Round Hat"",""type"":""pawn"",""x"":-3,""y"":1},{""piece"":""Tower"",""type"":""rook"",""x"":3,""y"":3},{""piece"":""Tower"",""type"":""rook"",""x"":2,""y"":0},{""piece"":""Tower"",""type"":""rook"",""x"":-3,""y"":-3}]"
"5 R","Round Hat","5","0.9301","0.3673","1.9637","1","2.8591","0.99","0.3079","0.7892","0.8318","0.8615","false","false","false","0.7493","0.8367","0.8","[{""piece"":""Round Hat"",""type"":""pawn"",""x"":0,""y"":-2},{""piece"":""Round Hat"",""type"":""pawn"",""x"":0,""y"":2},{""piece"":""Round Hat"",""type"":""pawn"",""x"":-1,""y"":-3},{""piece"":""Round Hat"",""type"":""pawn"",""x"":-1,""y"":3},{""piece"":""Round Hat"",""type"":""pawn"",""x"":3,""y"":-3}]"
"4 R + 2 T","Triangle Hat","6","0.8799","0.4752","1.1121","1","1.8854","0.99","0.4821","0.7379","0.7814","0.8419","false","false","false","0.6172","0.7555","1","[{""piece"":""Round Hat"",""type"":""pawn"",""x"":-2,""y"":0},{""piece"":""Round Hat"",""type"":""pawn"",""x"":2,""y"":0},{""piece"":""Round Hat"",""type"":""pawn"",""x"":0,""y"":2},{""piece"":""Round Hat"",""type"":""pawn"",""x"":0,""y"":3},{""piece"":""Tower"",""type"":""rook"",""x"":3,""y"":-3},{""piece"":""Tower"",""type"":""rook"",""x"":-3,""y"":-3}]"
"1 R + 1 A + 2 B","Big Hat","4","0.8738","0.4863","0.9456","0.9583","1.6848","0.99","0.4244","0.6533","0.6942","0.7569","true","true","false","0.7516","0.8171","0.75","[{""piece"":""Round Hat"",""type"":""pawn"",""x"":-3,""y"":0},{""piece"":""Triangle Hat"",""type"":""spy"",""x"":-1,""y"":-1},{""piece"":""Big Hat"",""type"":""king"",""x"":0,""y"":2},{""piece"":""Big Hat"",""type"":""king"",""x"":0,""y"":-2}]"
"1 R + 1 T + 4 A","Triangle Hat","6","0.9285","0.3712","1.9414","1","2.8341","0.99","0.5513","0.7802","0.8093","0.8567","false","false","false","0.81","0.8706","0.3333","[{""piece"":""Round Hat"",""type"":""pawn"",""x"":2,""y"":0},{""piece"":""Tower"",""type"":""rook"",""x"":-3,""y"":-3},{""piece"":""Triangle Hat"",""type"":""spy"",""x"":-2,""y"":0},{""piece"":""Triangle Hat"",""type"":""spy"",""x"":3,""y"":1},{""piece"":""Triangle Hat"",""type"":""spy"",""x"":-3,""y"":1},{""piece"":""Triangle Hat"",""type"":""spy"",""x"":3,""y"":-3}]"
"1 R + 2 A","Round Hat","3","0.876","0.4823","1.0703","1","1.8315","0.99","0.4016","0.7663","0.8271","0.8619","false","false","false","0.349","0.5663","1","[{""piece"":""Round Hat"",""type"":""pawn"",""x"":0,""y"":-2},{""piece"":""Triangle Hat"",""type"":""spy"",""x"":-3,""y"":3},{""piece"":""Triangle Hat"",""type"":""spy"",""x"":3,""y"":3}]"
"2 R + 2 B","Big Hat","4","0.8944","0.4473","1.087","0.9167","1.8851","0.99","0.3953","0.6351","0.6718","0.7463","false","false","true","0.7866","0.8323","1","[{""piece"":""Round Hat"",""type"":""pawn"",""x"":-1,""y"":-1},{""piece"":""Round Hat"",""type"":""pawn"",""x"":1,""y"":1},{""piece"":""Big Hat"",""type"":""king"",""x"":0,""y"":-1},{""piece"":""Big Hat"",""type"":""king"",""x"":0,""y"":1}]"
"1 R + 2 T + 2 A + 1 B","Big Hat","6","0.8631","0.5051","0.8929","0.9792","1.5993","0.99","0.5154","0.6565","0.6821","0.7685","false","false","false","0.7273","0.8156","0.6667","[{""piece"":""Round Hat"",""type"":""pawn"",""x"":-1,""y"":-1},{""piece"":""Tower"",""type"":""rook"",""x"":3,""y"":1},{""piece"":""Tower"",""type"":""rook"",""x"":-3,""y"":1},{""piece"":""Triangle Hat"",""type"":""spy"",""x"":0,""y"":1},{""piece"":""Triangle Hat"",""type"":""spy"",""x"":1,""y"":3},{""piece"":""Big Hat"",""type"":""king"",""x"":0,""y"":-2}]"
"1 R + 3 A + 2 B","Big Hat","6","0.8925","0.4511","1.1778","0.9583","1.9805","0.99","0.4882","0.6953","0.7245","0.7682","true","true","false","0.7841","0.8492","0.6667","[{""piece"":""Round Hat"",""type"":""pawn"",""x"":-1,""y"":-3},{""piece"":""Triangle Hat"",""type"":""spy"",""x"":-3,""y"":0},{""piece"":""Triangle Hat"",""type"":""spy"",""x"":1,""y"":1},{""piece"":""Triangle Hat"",""type"":""spy"",""x"":3,""y"":0},{""piece"":""Big Hat"",""type"":""king"",""x"":0,""y"":-2},{""piece"":""Big Hat"",""type"":""king"",""x"":0,""y"":2}]"
"1 R + 2 T + 3 A","Big Hat","6","0.8125","0.5829","0.6192","0.9583","1.0212","0.99","0.5824","0.66","0.6776","0.7035","false","false","false","0.6494","0.7414","0.6667","[{""piece"":""Round Hat"",""type"":""pawn"",""x"":1,""y"":1},{""piece"":""Tower"",""type"":""rook"",""x"":-3,""y"":1},{""piece"":""Tower"",""type"":""rook"",""x"":3,""y"":-1},{""piece"":""Triangle Hat"",""type"":""spy"",""x"":3,""y"":0},{""piece"":""Triangle Hat"",""type"":""spy"",""x"":-3,""y"":0},{""piece"":""Triangle Hat"",""type"":""spy"",""x"":-3,""y"":-3}]"
"2 R + 1 T + 2 B","Big Hat","5","0.8747","0.4847","0.9696","0.9583","1.7144","0.99","0.4432","0.6456","0.6821","0.7705","false","false","false","0.7497","0.8309","0.6","[{""piece"":""Round Hat"",""type"":""pawn"",""x"":-3,""y"":-1},{""piece"":""Round Hat"",""type"":""pawn"",""x"":-3,""y"":0},{""piece"":""Tower"",""type"":""rook"",""x"":3,""y"":-1},{""piece"":""Big Hat"",""type"":""king"",""x"":0,""y"":2},{""piece"":""Big Hat"",""type"":""king"",""x"":0,""y"":-2}]"
"1 R + 3 T + 1 A","Triangle Hat","5","0.8958","0.4445","1.3568","1","2.1776","0.99","0.4906","0.689","0.7224","0.7742","false","false","false","0.6496","0.7848","0.8","[{""piece"":""Round Hat"",""type"":""pawn"",""x"":-3,""y"":-1},{""piece"":""Tower"",""type"":""rook"",""x"":2,""y"":0},{""piece"":""Tower"",""type"":""rook"",""x"":3,""y"":3},{""piece"":""Tower"",""type"":""rook"",""x"":3,""y"":-3},{""piece"":""Triangle Hat"",""type"":""spy"",""x"":-2,""y"":0}]"
